City_ID,City,Country,Date,Lat,Lng,Max Temp,Humidity,Cloudiness,Wind Speed
0,Mount Pleasant,US,2021-04-10 23:26:30,32.7941,-79.8626,71.01,94,40,5.75
1,Viedma,AR,2021-04-10 23:26:31,-40.8135,-62.9967,60.03,59,97,4.81
2,Erzin,TR,2021-04-10 23:26:31,36.9559,36.2,46.99,86,100,5.99
3,Banjar,ID,2021-04-10 23:26:31,-8.19,114.9675,78.8,89,20,4.61
4,Albany,US,2021-04-10 23:21:45,42.6001,-73.9662,71.01,47,35,4.43
5,Yellowknife,CA,2021-04-10 23:24:34,62.456,-114.3525,10.99,48,20,9.22
6,Ewa Beach,US,2021-04-10 23:26:32,21.3156,-158.0072,78.8,53,75,11.5
7,Togur,RU,2021-04-10 23:26:32,58.3631,82.8265,33.51,92,95,4.43
8,Dikson,RU,2021-04-10 23:25:16,73.5069,80.5464,18.84,90,92,22.48
9,Rikitea,PF,2021-04-10 23:24:25,-23.1203,-134.9692,78.96,71,0,9.33
10,Bluff,NZ,2021-04-10 23:24:53,-46.6,168.3333,61.0,86,85,8.99
11,Morgan City,US,2021-04-10 23:26:32,29.6994,-91.2068,71.6,83,90,6.91
12,Edd,ER,2021-04-10 23:26:33,13.9297,41.6925,80.28,81,3,6.51
13,Voh,NC,2021-04-10 23:26:33,-20.9667,164.7,77.52,88,100,3.83
14,Avarua,CK,2021-04-10 23:25:23,-21.2078,-159.775,82.4,78,20,9.22
15,Castro,BR,2021-04-10 23:24:34,-24.7911,-50.0119,61.88,63,0,2.86
16,Kidal,ML,2021-04-10 23:26:34,18.4411,1.4078,86.7,9,0,8.37
17,Vaini,TO,2021-04-10 23:24:28,-21.2,-175.2,80.6,74,20,9.22
18,Fairview,US,2021-04-10 23:26:34,40.8126,-73.999,66.0,67,1,4.61
19,Tiksi,RU,2021-04-10 23:26:25,71.6872,128.8694,-8.66,93,41,5.59
20,Aljezur,PT,2021-04-10 23:26:34,37.3191,-8.8033,57.88,95,8,7.81
21,Kenora,CA,2021-04-10 23:26:35,49.8167,-94.4337,51.8,46,75,8.05
22,Harper,LR,2021-04-10 23:26:35,4.375,-7.7169,80.58,82,99,7.31
23,Atuona,PF,2021-04-10 23:24:39,-9.8,-139.0333,80.98,71,66,16.35
24,Najran,SA,2021-04-10 23:26:35,17.4924,44.1277,73.4,18,0,3.62
25,Maroantsetra,MG,2021-04-10 23:26:36,-15.4333,49.7333,74.77,90,100,1.16
26,Kavieng,PG,2021-04-10 23:24:20,-2.5744,150.7967,81.99,74,100,7.38
27,Komsomolskiy,UZ,2021-04-10 23:25:28,40.4272,71.7189,55.4,41,1,9.22
28,Mar Del Plata,AR,2021-04-10 23:24:32,-38.0023,-57.5575,66.99,88,90,21.85
29,Port Blair,IN,2021-04-10 23:26:36,11.6667,92.75,81.1,77,80,3.78
30,Havre-Saint-Pierre,CA,2021-04-10 23:26:37,50.2334,-63.5986,37.4,52,75,14.97
31,Busselton,AU,2021-04-10 23:24:56,-33.65,115.3333,59.0,89,100,13.47
32,Punta Arenas,CL,2021-04-10 23:24:30,-53.15,-70.9167,48.2,71,40,16.11
33,Mehamn,NO,2021-04-10 23:25:52,71.0357,27.8492,28.35,59,54,17.76
34,Itai,BR,2021-04-10 23:26:37,-23.4178,-49.0906,67.14,58,0,2.33
35,Mount Isa,AU,2021-04-10 23:24:28,-20.7333,139.5,75.2,38,20,16.11
36,Te Anau,NZ,2021-04-10 23:26:09,-45.4167,167.7167,55.92,94,100,3.49
37,Prince Rupert,CA,2021-04-10 23:26:33,54.3161,-130.3201,41.0,93,90,8.05
38,Tautira,PF,2021-04-10 23:26:38,-17.7333,-149.15,87.8,62,40,9.22
39,Devils Lake,US,2021-04-10 23:26:38,48.1128,-98.8651,59.0,18,1,9.22
40,Cidreira,BR,2021-04-10 23:25:00,-30.1811,-50.2056,75.24,80,100,10.09
41,Oriximina,BR,2021-04-10 23:26:38,-1.7656,-55.8661,76.96,87,96,3.69
42,Vredefort,ZA,2021-04-10 23:26:39,-27.0081,27.3646,64.24,38,0,5.64
43,Puerto Ayora,EC,2021-04-10 23:24:36,-0.7393,-90.3518,78.8,83,40,8.05
44,Gizo,SB,2021-04-10 23:25:21,-8.103,156.8419,79.95,84,100,10.33
45,Barrow,US,2021-04-10 23:25:18,71.2906,-156.7887,-7.6,71,1,11.5
46,Serta,PT,2021-04-10 23:25:35,39.8085,-8.0988,55.99,95,79,0.78
47,Bethel,US,2021-04-10 23:25:45,41.3712,-73.414,64.0,78,62,6.58
48,Turayf,SA,2021-04-10 23:26:39,31.6725,38.6637,44.6,70,0,14.97
49,Bengkulu,ID,2021-04-10 23:24:41,-3.8004,102.2655,74.97,88,61,4.09
50,Jamestown,US,2021-04-10 23:24:40,42.097,-79.2353,71.6,28,1,12.66
51,Marrakesh,MA,2021-04-10 23:25:33,31.6315,-8.0083,62.6,67,0,3.44
52,Souillac,MU,2021-04-10 23:26:08,-20.5167,57.5167,78.8,78,75,11.5
53,Ribeira Grande,PT,2021-04-10 23:24:22,38.5167,-28.7,62.1,90,100,15.39
54,Walvis Bay,NA,2021-04-10 23:26:40,-22.9575,14.5053,81.48,32,0,6.44
55,Mataura,NZ,2021-04-10 23:24:20,-46.1927,168.8643,61.0,86,63,8.99
56,Lalsk,RU,2021-04-10 23:26:40,60.7415,47.5862,31.78,91,2,7.16
57,Saskatoon,CA,2021-04-10 23:23:05,52.1168,-106.6345,53.01,28,75,9.22
58,Arraial Do Cabo,BR,2021-04-10 23:24:25,-22.9661,-42.0278,76.39,64,0,13.02
59,Hasaki,JP,2021-04-10 23:25:59,35.7333,140.8333,53.01,66,20,8.05
60,Cranbrook,CA,2021-04-10 23:26:41,49.4999,-115.7688,37.4,56,75,10.36
61,Bambous Virieux,MU,2021-04-10 23:24:35,-20.3428,57.7575,79.0,78,75,11.5
62,Kedrovyy,RU,2021-04-10 23:26:41,56.1667,91.8167,17.6,79,0,2.24
63,Clyde River,CA,2021-04-10 23:24:22,70.4692,-68.5914,32.0,55,90,17.27
64,Odesskoye,RU,2021-04-10 23:26:42,54.2111,72.9651,30.51,90,96,8.08
65,Coihaique,CL,2021-04-10 23:25:17,-45.5752,-72.0662,48.2,76,75,7.09
66,San Patricio,US,2021-04-10 23:25:32,28.017,-97.5169,87.01,51,1,16.11
67,Boyolangu,ID,2021-04-10 23:26:42,-8.1181,111.8935,75.69,91,73,1.48
68,San Juan,AR,2021-04-10 23:24:35,-31.5375,-68.5364,54.05,75,100,14.18
69,Victor Harbor,AU,2021-04-10 23:26:43,-35.5667,138.6167,61.0,54,100,3.0
70,Kizilskoye,RU,2021-04-10 23:26:43,52.7255,58.8937,29.34,98,87,4.03
71,Grindavik,IS,2021-04-10 23:26:43,63.8424,-22.4338,33.8,100,90,13.8
72,Ushuaia,AR,2021-04-10 23:21:31,-54.8,-68.3,50.0,57,40,5.75
73,Bantry,IE,2021-04-10 23:26:43,51.6833,-9.45,33.8,86,20,9.22
74,Chuy,UY,2021-04-10 23:26:00,-33.6971,-53.4616,68.38,93,100,12.73
75,Tahe,CN,2021-04-10 23:26:27,52.3333,124.7333,22.3,45,75,8.72
76,Dauphin,CA,2021-04-10 23:26:44,51.1494,-100.0502,66.2,16,75,13.8
77,Nikolskoye,RU,2021-04-10 23:24:40,59.7035,30.7861,37.0,74,0,4.47
78,Nuuk,GL,2021-04-10 23:23:02,64.1835,-51.7216,26.6,100,90,9.22
79,Preeceville,CA,2021-04-10 23:26:44,51.95,-102.6677,56.46,26,98,8.66
80,Qaanaaq,GL,2021-04-10 23:25:34,77.484,-69.3632,16.48,86,100,4.23
81,Sorong,ID,2021-04-10 23:26:44,-0.8833,131.25,78.6,85,100,2.77
82,Plouzane,FR,2021-04-10 23:26:45,48.3833,-4.6167,44.6,81,75,5.75
83,Abancay,PE,2021-04-10 23:26:45,-13.6339,-72.8814,59.63,88,96,3.87
84,Hobart,AU,2021-04-10 23:24:19,-42.8794,147.3294,46.0,81,75,17.27
85,Kapaa,US,2021-04-10 23:24:24,22.0752,-159.319,75.2,57,75,12.66
86,Cape Town,ZA,2021-04-10 23:24:23,-33.9258,18.4232,64.0,88,0,10.36
87,Cabo San Lucas,MX,2021-04-10 23:26:46,22.8909,-109.9124,80.6,54,20,9.22
88,Palmer,US,2021-04-10 23:26:25,42.1584,-72.3287,68.0,56,75,8.05
89,Bartica,GY,2021-04-10 23:26:46,6.4,-58.6167,78.8,89,20,4.61
90,Ponta Do Sol,PT,2021-04-10 23:25:49,32.6667,-17.1,60.01,72,93,1.01
91,Upernavik,GL,2021-04-10 23:24:28,72.7868,-56.1549,16.21,91,98,6.93
92,Hilo,US,2021-04-10 23:24:26,19.7297,-155.09,78.8,53,20,8.05
93,Port Alfred,ZA,2021-04-10 23:24:55,-33.5906,26.891,70.34,90,90,1.95
94,Labis,MY,2021-04-10 23:21:56,2.385,103.021,74.19,93,16,1.66
95,Jian,CN,2021-04-10 23:26:47,27.1172,114.9793,59.41,93,99,0.87
96,Laguna,US,2021-04-10 23:26:47,38.421,-121.4238,81.0,24,1,5.68
97,Dovolnoye,RU,2021-04-10 23:26:47,54.4958,79.6671,33.4,91,99,7.58
98,Tonj,SS,2021-04-10 23:26:48,7.2737,28.6822,82.94,46,96,6.33
99,Geraldton,AU,2021-04-10 23:26:48,-28.7667,114.6,71.6,68,90,17.27
100,Palafrugell,ES,2021-04-10 23:26:48,41.9174,3.1631,51.01,100,90,1.14
101,Sao Cristovao,BR,2021-04-10 23:26:48,-11.0147,-37.2064,82.4,74,40,8.05
102,Sistranda,NO,2021-04-10 23:26:12,63.7256,8.834,33.8,93,75,13.8
103,Filingue,NE,2021-04-10 23:26:49,14.3521,3.3168,89.87,6,13,7.58
104,Pacific Grove,US,2021-04-10 23:24:18,36.6177,-121.9166,60.01,58,1,10.36
105,Pevek,RU,2021-04-10 23:25:40,69.7008,170.3133,-13.85,92,68,1.66
106,Lavrentiya,RU,2021-04-10 23:26:49,65.5833,-171.0,-1.59,78,100,17.85
107,Dingle,PH,2021-04-10 23:26:49,10.9995,122.6711,78.1,81,59,6.78
108,Bredasdorp,ZA,2021-04-10 23:24:32,-34.5322,20.0403,53.6,100,100,1.77
109,Thompson,CA,2021-04-10 23:25:53,55.7435,-97.8558,39.2,56,40,5.75
110,Fortuna,US,2021-04-10 23:24:23,40.5982,-124.1573,57.0,54,1,21.85
111,Cherskiy,RU,2021-04-10 23:26:13,68.75,161.3,-8.55,81,73,2.35
112,Chimbote,PE,2021-04-10 23:26:50,-9.0853,-78.5783,69.66,86,86,7.7
113,Mahebourg,MU,2021-04-10 23:24:21,-20.4081,57.7,78.8,78,75,11.5
114,Oistins,BB,2021-04-10 23:26:44,13.0667,-59.5333,78.8,65,20,8.05
115,Khatanga,RU,2021-04-10 23:25:28,71.9667,102.5,15.3,86,100,13.4
116,Narsaq,GL,2021-04-10 23:24:26,60.9167,-46.05,37.4,75,27,2.3
117,Saint-Philippe,RE,2021-04-10 23:24:38,-21.3585,55.7679,78.8,78,0,4.61
118,East London,ZA,2021-04-10 23:25:38,-33.0153,27.9116,70.14,91,77,3.18
119,Opuwo,NA,2021-04-10 23:26:51,-18.0607,13.84,69.48,33,10,10.29
120,Vastseliina,EE,2021-04-10 23:26:51,57.7303,27.2932,26.6,100,0,4.79
121,New Norfolk,AU,2021-04-10 23:24:58,-42.7826,147.0587,46.0,89,99,1.01
122,Kudahuvadhoo,MV,2021-04-10 23:26:51,2.6708,72.8944,82.51,74,22,10.85
123,Tuktoyaktuk,CA,2021-04-10 23:25:19,69.4541,-133.0374,-11.2,70,1,11.5
124,Katsuura,JP,2021-04-10 23:24:24,35.1333,140.3,57.99,58,20,9.22
125,Georgetown,MY,2021-04-10 23:25:15,5.4112,100.3354,79.0,100,20,3.44
126,Norman Wells,CA,2021-04-10 23:24:23,65.282,-126.8329,-5.8,71,90,10.36
127,Saint-Francois,FR,2021-04-10 23:26:52,46.4154,3.9054,52.0,71,0,9.22
128,High Level,CA,2021-04-10 23:26:52,58.5169,-117.136,23.0,46,75,17.27
129,Arlit,NE,2021-04-10 23:26:53,18.7369,7.3853,84.04,7,0,11.39
130,Sao Joao Da Barra,BR,2021-04-10 23:26:53,-21.6403,-41.0511,74.61,66,1,8.75
131,Faanui,PF,2021-04-10 23:25:22,-16.4833,-151.75,82.27,70,59,9.6
132,Kahului,US,2021-04-10 23:26:04,20.8947,-156.47,78.8,53,40,11.5
133,Sao Filipe,CV,2021-04-10 23:26:53,14.8961,-24.4956,75.24,65,21,12.73
134,Kosh-Agach,RU,2021-04-10 23:26:53,50.0,88.6667,16.0,73,33,4.76
135,Port Lincoln,AU,2021-04-10 23:24:54,-34.7333,135.8667,59.34,61,93,14.92
136,Emba,KZ,2021-04-10 23:26:23,48.8264,58.1442,41.86,78,17,11.83
137,Kochevo,RU,2021-04-10 23:26:54,59.5994,54.3125,33.76,99,100,1.43
138,Margate,GB,2021-04-10 23:25:51,51.3813,1.3862,41.0,73,100,3.0
139,Blyth,GB,2021-04-10 23:26:54,55.1271,-1.5086,36.0,93,41,5.75
140,San Cristobal,VE,2021-04-10 23:25:32,7.7669,-72.225,82.4,74,40,6.91
141,Hovd,MN,2021-04-10 23:26:25,48.0056,91.6419,28.02,55,100,3.56
142,Marsa Matruh,EG,2021-04-10 23:26:38,31.3525,27.2453,57.2,51,0,9.22
143,Carutapera,BR,2021-04-10 23:26:55,-1.195,-46.02,76.89,88,81,6.42
144,Haines Junction,CA,2021-04-10 23:24:35,60.7522,-137.5108,10.4,24,97,5.75
145,Alghero,IT,2021-04-10 23:26:56,40.5589,8.3181,57.2,82,40,3.44
146,Richards Bay,ZA,2021-04-10 23:26:56,-28.783,32.0377,69.22,87,0,9.62
147,Taganak,PH,2021-04-10 23:23:13,6.0833,118.3,75.2,94,20,3.44
148,Lorengau,PG,2021-04-10 23:26:22,-2.0226,147.2712,81.66,83,100,15.5
149,Nanganga,TZ,2021-04-10 23:23:04,-10.3833,39.15,71.1,97,100,3.2
150,Bilibino,RU,2021-04-10 23:26:56,68.0546,166.4372,1.74,65,98,3.74
151,Gdov,RU,2021-04-10 23:26:57,58.7406,27.8122,30.65,81,3,8.39
152,Valparaiso,CL,2021-04-10 23:26:57,-33.0393,-71.6273,60.8,63,0,16.11
153,Chokurdakh,RU,2021-04-10 23:25:33,70.6333,147.9167,-16.74,99,100,1.28
154,Smithers,CA,2021-04-10 23:25:32,54.7804,-127.1743,41.0,36,40,11.5
155,Ambunti,PG,2021-04-10 23:26:57,-4.2365,142.8448,74.97,97,100,1.97
156,Hithadhoo,MV,2021-04-10 23:25:47,-0.6,73.0833,83.32,69,56,12.88
157,Turukhansk,RU,2021-04-10 23:26:58,65.8167,87.9833,31.73,98,100,11.32
158,Christchurch,NZ,2021-04-10 23:23:18,-43.5333,172.6333,73.0,49,38,6.91
159,Calbuco,CL,2021-04-10 23:26:58,-41.768,-73.1273,53.6,76,90,8.05
160,Jardim,BR,2021-04-10 23:22:33,-21.4803,-56.1381,80.13,54,48,3.29
161,Pachelma,RU,2021-04-10 23:26:58,53.2443,43.3521,35.17,96,100,9.89
162,Pangnirtung,CA,2021-04-10 23:25:01,66.1451,-65.7125,29.39,85,100,5.66
163,Torbay,CA,2021-04-10 23:25:26,47.6666,-52.7314,33.01,100,90,18.41
164,Taoudenni,ML,2021-04-10 23:26:59,22.6783,-3.9836,85.68,14,0,10.63
165,Bijie,CN,2021-04-10 23:26:59,27.3125,105.2942,48.22,95,100,3.87
166,Mount Gambier,AU,2021-04-10 23:24:27,-37.8333,140.7667,53.6,66,75,21.85
167,Pisco,PE,2021-04-10 23:26:39,-13.7,-76.2167,70.0,73,20,17.27
168,Rocha,UY,2021-04-10 23:27:00,-34.4833,-54.3333,67.3,99,100,9.1
169,Koumra,TD,2021-04-10 23:27:00,8.9126,17.5539,86.27,35,33,2.71
170,Kapuskasing,CA,2021-04-10 23:24:41,49.4169,-82.4331,57.2,71,62,4.61
171,Tarakan,ID,2021-04-10 23:27:00,3.3,117.6333,78.8,94,20,2.3
172,Chara,RU,2021-04-10 23:27:01,56.9064,118.2631,2.98,73,62,2.93
173,Vila Velha,BR,2021-04-10 23:24:24,-20.3297,-40.2925,77.0,78,20,3.44
174,Riyadh,SA,2021-04-10 23:21:58,24.6877,46.7219,91.4,13,20,6.91
175,Dabwali,IN,2021-04-10 23:27:01,29.95,74.7333,74.8,16,0,5.79
176,Colesberg,ZA,2021-04-10 23:27:01,-30.72,25.0972,67.68,35,62,4.5
177,Syracuse,IT,2021-04-10 23:23:00,37.0881,15.2792,54.0,87,0,5.75
178,Jalu,LY,2021-04-10 23:26:09,29.0331,21.5482,58.73,27,64,8.79
179,Los Llanos De Aridane,ES,2021-04-10 23:27:02,28.6585,-17.9182,64.4,72,0,5.75
180,Lompoc,US,2021-04-10 23:23:39,34.6391,-120.4579,60.8,55,39,18.41
181,Saskylakh,RU,2021-04-10 23:24:24,71.9167,114.0833,0.07,80,65,10.67
182,Mazamari,PE,2021-04-10 23:27:02,-11.3258,-74.5308,71.82,97,99,2.17
183,Ramhormoz,IR,2021-04-10 23:27:02,31.28,49.6035,78.78,31,98,8.14
184,Bandarbeyla,SO,2021-04-10 23:27:03,9.4942,50.8122,78.01,72,0,6.76
185,Butaritari,KI,2021-04-10 23:25:22,3.0707,172.7902,81.99,77,99,14.65
186,Mvuma,ZW,2021-04-10 23:27:03,-19.2792,30.5283,58.93,71,17,9.22
187,Hay River,CA,2021-04-10 23:23:03,60.8156,-115.7999,6.8,56,100,4.61
188,Tevaitoa,PF,2021-04-10 23:27:04,-16.7833,-151.5,82.11,71,84,10.04
189,Reynosa,MX,2021-04-10 23:27:04,26.0833,-98.2833,87.8,42,40,11.5
190,Kargasok,RU,2021-04-10 23:27:04,59.0556,80.8572,31.3,91,99,8.01
191,Shimoda,JP,2021-04-10 23:24:29,34.6667,138.95,55.4,62,20,16.11
192,Marawi,PH,2021-04-10 23:27:04,7.9986,124.2928,75.99,94,97,1.99
193,Kenai,US,2021-04-10 23:27:05,60.5544,-151.2583,24.8,38,1,12.66
194,Altay,CN,2021-04-10 23:25:48,47.8667,88.1167,33.24,39,0,11.1
195,Encheng,CN,2021-04-10 23:27:05,22.1839,112.3026,68.34,84,58,3.06
196,Urengoy,RU,2021-04-10 23:27:05,65.9667,78.3667,17.49,96,54,6.13
197,Saint George,US,2021-04-10 23:25:47,37.1041,-113.5841,82.99,7,1,11.5
198,Kloulklubed,PW,2021-04-10 23:27:06,7.0419,134.2556,84.2,79,75,3.44
199,Klaebu,NO,2021-04-10 23:27:06,63.2976,10.4826,35.6,69,75,9.22
200,Kavaratti,IN,2021-04-10 23:24:25,10.5669,72.642,82.11,72,10,5.44
201,Longkou,CN,2021-04-10 23:27:06,37.6508,120.3286,49.24,76,97,9.35
202,Broken Hill,AU,2021-04-10 23:27:07,-31.95,141.4333,55.4,62,40,19.57
203,Vardo,NO,2021-04-10 23:25:22,70.3705,31.1107,19.4,68,0,25.32
204,Kinablangan,PH,2021-04-10 23:27:07,7.6947,126.5503,79.11,83,100,5.61
205,Beloha,MG,2021-04-10 23:25:49,-25.1667,45.05,69.73,97,5,5.66
206,Luderitz,NA,2021-04-10 23:24:42,-26.6481,15.1594,72.45,53,0,7.63
207,Batticaloa,LK,2021-04-10 23:27:08,7.7102,81.6924,78.37,81,66,5.82
208,Broome,US,2021-04-10 23:27:08,42.2506,-75.833,68.0,49,1,8.05
209,Kodiak,US,2021-04-10 23:23:57,57.79,-152.4072,35.6,64,90,10.36
210,Mae Sot,TH,2021-04-10 23:27:08,16.7167,98.5667,75.2,94,20,1.28
211,Masterton,NZ,2021-04-10 23:27:09,-40.9597,175.6575,70.0,95,53,3.0
212,Kostomuksha,RU,2021-04-10 23:27:09,64.571,30.5767,28.42,93,95,9.51
213,Geri,CY,2021-04-10 23:27:09,35.1,33.4167,46.4,66,20,9.22
214,Gambo,CF,2021-04-10 23:27:09,4.6482,22.2633,69.87,94,100,3.83
215,Krotoszyn,PL,2021-04-10 23:27:10,51.6987,17.4374,48.0,94,100,5.3
216,Dolores,AR,2021-04-10 23:27:10,-36.3132,-57.6792,66.25,97,100,11.18
217,San Joaquin,US,2021-04-10 23:27:10,37.9333,-121.3011,79.0,31,1,11.5
218,Kimbe,PG,2021-04-10 23:27:11,-5.5502,150.1429,76.8,93,100,2.28
219,Ulaanbaatar,MN,2021-04-10 23:25:51,47.9077,106.8832,28.4,86,40,8.95
220,Robat Karim,IR,2021-04-10 23:27:11,35.4846,51.0829,71.6,37,0,6.91
221,Klaksvik,FO,2021-04-10 23:25:36,62.2266,-6.589,30.2,80,75,6.91
222,Port Pirie,AU,2021-04-10 23:27:11,-33.1833,138.0167,62.6,59,90,16.11
223,Orlik,RU,2021-04-10 23:27:12,52.5178,99.825,12.4,88,60,2.57
224,Kushiro,JP,2021-04-10 23:27:12,42.975,144.3747,46.4,42,20,2.3
225,Yulara,AU,2021-04-10 23:27:04,-25.2406,130.9889,64.4,45,0,16.11
226,Mackay,AU,2021-04-10 23:27:12,-21.15,149.2,82.99,78,6,11.5
227,Les Cayes,HT,2021-04-10 23:27:13,18.2,-73.75,77.31,76,99,7.54
228,Gondanglegi,ID,2021-04-10 23:27:13,-7.7479,112.0132,75.27,91,70,3.4
229,Witu,KE,2021-04-10 23:27:13,-2.3889,40.4382,80.6,89,40,6.93
230,Birjand,IR,2021-04-10 23:27:13,32.8663,59.2211,59.0,15,0,9.22
231,Aykhal,RU,2021-04-10 23:27:14,66.0,111.5,-4.99,97,95,4.25
232,Kununurra,AU,2021-04-10 23:27:14,-15.7667,128.7333,77.0,83,98,3.44
233,Marsh Harbour,BS,2021-04-10 23:27:14,26.5412,-77.0636,76.14,66,2,15.86
234,Atambua,ID,2021-04-10 23:27:15,-9.1061,124.8925,74.41,77,83,2.15
235,Leshukonskoye,RU,2021-04-10 23:27:15,64.8989,45.7622,37.85,92,100,13.89
236,Lebu,CL,2021-04-10 23:24:41,-37.6167,-73.65,53.19,85,0,9.46
237,Aklavik,CA,2021-04-10 23:26:15,68.2191,-135.0107,-0.4,50,20,8.05
238,Kurilsk,RU,2021-04-10 23:27:15,45.2333,147.8833,33.76,84,10,9.84
239,Natchez,US,2021-04-10 23:27:16,31.5604,-91.4032,78.8,50,40,9.22
240,Constitucion,CL,2021-04-10 23:20:56,-35.3333,-72.4167,53.94,81,0,12.1
241,Hualmay,PE,2021-04-10 23:27:16,-11.0964,-77.6139,70.03,85,46,5.73
242,Ust-Kulom,RU,2021-04-10 23:27:10,61.6864,53.6902,25.25,98,21,2.44
243,Tsaratanana,MG,2021-04-10 23:27:17,-16.7833,47.65,70.79,88,89,6.62
244,Anloga,GH,2021-04-10 23:27:17,5.7947,0.8973,82.4,83,20,6.91
245,Riverton,US,2021-04-10 23:27:17,40.5219,-111.9391,68.0,26,1,14.97
246,Kiama,AU,2021-04-10 23:27:17,-34.6833,150.8667,60.01,52,0,8.01
247,Sarakhs,IR,2021-04-10 23:27:12,36.5449,61.1577,59.0,47,38,1.68
248,Ostrovnoy,RU,2021-04-10 23:27:18,68.0531,39.5131,31.42,85,39,23.89
249,Afrikanda,RU,2021-04-10 23:27:18,67.4429,32.7828,28.99,86,35,11.72
250,Pozo Colorado,PY,2021-04-10 23:27:18,-23.4923,-58.7972,88.23,41,42,6.17
251,Mayor Pablo Lagerenza,PY,2021-04-10 23:27:19,-19.9309,-60.7718,84.65,54,84,9.75
252,Inirida,CO,2021-04-10 23:27:19,3.8653,-67.9239,72.3,98,100,0.6
253,Nanortalik,GL,2021-04-10 23:24:22,60.1432,-45.2371,34.84,86,87,11.43
254,Bosaso,SO,2021-04-10 23:27:19,11.2842,49.1816,79.63,55,0,11.34
255,Zambezi,ZM,2021-04-10 23:27:20,-13.5432,23.1047,64.42,69,36,4.72
256,Kropotkin,RU,2021-04-10 23:27:20,45.4375,40.5756,42.01,82,100,3.89
257,Sawtell,AU,2021-04-10 23:27:20,-30.3833,153.1,69.8,52,3,10.36
258,La Paz,BO,2021-04-10 23:25:28,-16.5,-68.15,46.4,76,75,11.5
259,Svetlaya,RU,2021-04-10 23:27:21,46.5389,138.3297,44.44,49,5,7.34
260,Magadan,RU,2021-04-10 23:27:21,59.5667,150.8,14.22,65,79,11.05
261,Hermanus,ZA,2021-04-10 23:24:56,-34.4187,19.2345,60.01,92,100,1.01
262,Ottawa,CA,2021-04-10 23:24:46,45.4112,-75.6981,75.2,40,75,5.75
263,Lagoa,PT,2021-04-10 23:25:17,39.05,-27.9833,59.59,94,100,20.49
264,Caravelas,BR,2021-04-10 23:27:20,-17.7125,-39.2481,74.46,81,1,5.35
265,Rio Grande,BR,2021-04-10 23:26:47,-32.035,-52.0986,73.99,95,100,12.55
266,Peniche,PT,2021-04-10 23:27:22,39.3558,-9.3811,60.01,91,8,3.0
267,Pringsewu,ID,2021-04-10 23:25:18,-5.3582,104.9744,74.43,95,100,0.4
268,Lasa,IT,2021-04-10 23:25:16,46.6166,10.7002,48.0,87,75,6.91
269,Kupang,ID,2021-04-10 23:27:22,-10.1667,123.5833,78.1,87,58,2.82
270,Moshny,UA,2021-04-10 23:27:22,49.5147,31.7476,39.81,50,0,3.44
271,Nouakchott,MR,2021-04-10 23:22:48,18.0858,-15.9785,73.4,73,79,14.97
272,Tambura,SS,2021-04-10 23:27:23,5.6,27.4667,71.55,79,100,4.21
273,Masallatah,LY,2021-04-10 23:27:23,32.6167,14.0,55.85,72,99,19.3
274,Cam Ranh,VN,2021-04-10 23:27:23,11.9214,109.1591,75.2,94,40,5.75
275,Umba,RU,2021-04-10 23:27:24,66.6871,34.3429,30.65,87,68,11.95
276,Ravar,IR,2021-04-10 23:27:24,31.2656,56.8055,71.02,23,69,5.08
277,Jerantut,MY,2021-04-10 23:27:24,3.936,102.3626,71.71,98,53,1.12
278,Bad Nauheim,DE,2021-04-10 23:27:24,50.3646,8.7386,48.0,86,100,5.5
279,Sitka,US,2021-04-10 23:26:00,57.0531,-135.33,33.8,75,90,13.8
280,Sabang,ID,2021-04-10 23:27:06,5.8933,95.3214,83.03,73,74,7.49
281,Nha Trang,VN,2021-04-10 23:27:25,12.25,109.1833,75.2,94,40,5.75
282,Sirur,IN,2021-04-10 23:27:25,18.8333,74.3833,84.92,28,88,3.91
283,Carnarvon,AU,2021-04-10 23:24:29,-24.8667,113.6333,78.8,83,99,19.57
284,Airai,TL,2021-04-10 23:26:41,-8.9266,125.4092,62.94,75,90,1.5
285,Iqaluit,CA,2021-04-10 23:24:33,63.7506,-68.5145,23.0,86,90,16.11
286,Coolum Beach,AU,2021-04-10 23:27:26,-26.5333,153.1,80.01,67,30,3.22
287,Arica,CL,2021-04-10 23:27:26,-18.475,-70.3042,66.2,72,90,4.61
288,Ancud,CL,2021-04-10 23:25:34,-41.8697,-73.8203,53.01,100,90,13.8
289,Seoul,KR,2021-04-10 23:24:28,37.5683,126.9778,51.8,66,0,1.14
290,Gallup,US,2021-04-10 23:27:27,35.5281,-108.7426,71.6,6,1,24.16
291,Saquarema,BR,2021-04-10 23:23:05,-22.92,-42.5103,77.0,61,0,8.05
292,Sechura,PE,2021-04-10 23:26:53,-5.5569,-80.8222,77.22,66,51,14.29
293,Inhambane,MZ,2021-04-10 23:27:27,-23.865,35.3833,72.84,83,1,5.93
294,Hofn,IS,2021-04-10 23:26:27,64.2539,-15.2082,31.37,52,94,5.35
295,Wattegama,LK,2021-04-10 23:27:27,6.7989,81.4808,72.82,92,9,1.97
296,La Rinconada,ES,2021-04-10 23:27:28,37.4873,-5.9826,60.01,88,20,3.44
297,Bakel,SN,2021-04-10 23:27:28,14.905,-12.4568,94.26,9,15,5.28
298,Saldanha,ZA,2021-04-10 23:26:52,-33.0117,17.9442,60.8,88,100,11.5
299,Coquimbo,CL,2021-04-10 23:26:42,-29.9533,-71.3436,59.0,77,0,8.05
300,Namibe,AO,2021-04-10 23:25:00,-15.1961,12.1522,78.75,71,27,4.23
301,Sechelt,CA,2021-04-10 23:23:38,49.4664,-123.7694,51.01,53,79,26.46
302,Rawson,AR,2021-04-10 23:25:17,-43.3002,-65.1023,64.4,41,1,8.03
303,Mandera,KE,2021-04-10 23:27:29,3.9366,41.867,81.61,64,75,13.85
304,Beringovskiy,RU,2021-04-10 23:25:58,63.05,179.3167,7.93,92,100,22.44
305,Kruisfontein,ZA,2021-04-10 23:25:50,-34.0033,24.7314,58.62,87,89,3.09
306,Grand Gaube,MU,2021-04-10 23:26:28,-20.0064,57.6608,79.0,73,98,5.99
307,Quatre Cocos,MU,2021-04-10 23:25:58,-20.2078,57.7625,79.0,78,75,11.5
308,Jumla,NP,2021-04-10 23:27:29,29.2747,82.1838,40.23,24,0,5.46
309,Ishigaki,JP,2021-04-10 23:27:29,24.3448,124.1572,75.2,78,40,14.97
310,Olinda,BR,2021-04-10 23:27:30,-8.0089,-34.8553,73.4,94,75,11.86
311,Biak,ID,2021-04-10 23:27:08,-0.9131,122.8766,77.18,80,100,1.34
312,Nouadhibou,MR,2021-04-10 23:27:30,20.931,-17.0347,68.0,68,46,19.57
313,Severo-Kurilsk,RU,2021-04-10 23:25:16,50.6789,156.125,30.4,73,79,22.91
314,Mizoch,UA,2021-04-10 23:27:30,50.4,26.15,43.0,59,5,5.01
315,Guarapari,BR,2021-04-10 23:24:02,-20.6667,-40.4975,77.0,78,20,3.44
316,Kalmunai,LK,2021-04-10 23:25:25,7.4167,81.8167,77.94,81,62,5.01
317,Mogok,MM,2021-04-10 23:26:13,22.9167,96.5,70.72,46,82,2.46
318,Ostend,BE,2021-04-10 23:27:31,51.2234,2.9119,39.2,87,75,19.57
319,La Ligua,CL,2021-04-10 23:27:31,-32.4524,-71.2311,60.8,59,0,17.27
320,Deputatskiy,RU,2021-04-10 23:27:32,69.3,139.9,-10.35,86,10,2.93
321,Port Augusta,AU,2021-04-10 23:27:32,-32.5,137.7667,62.6,59,90,16.11
322,Praia Da Vitoria,PT,2021-04-10 23:24:12,38.7333,-27.0667,61.0,100,75,19.77
323,Pangai,TO,2021-04-10 23:26:15,-19.8,-174.35,78.62,73,68,10.07
324,Chiredzi,ZW,2021-04-10 23:27:32,-21.05,31.6667,65.89,68,0,3.8
325,Gravdal,NO,2021-04-10 23:27:33,68.1214,13.5031,35.29,90,100,21.59
326,Unai,BR,2021-04-10 23:27:33,-16.3575,-46.9061,68.81,73,1,1.43
327,Niort,FR,2021-04-10 23:27:33,46.3333,-0.3333,52.0,93,96,4.09
328,Necochea,AR,2021-04-10 23:26:31,-38.5473,-58.7368,57.0,93,100,5.01
329,Beisfjord,NO,2021-04-10 23:27:34,68.3751,17.5988,33.8,100,90,17.27
330,Meulaboh,ID,2021-04-10 23:24:37,4.1363,96.1285,76.91,87,58,4.14
331,Kaseda,JP,2021-04-10 23:27:34,31.4167,130.3167,51.8,71,75,3.44
332,Suarez,CO,2021-04-10 23:27:34,2.954,-76.6964,70.61,94,99,4.32
333,Stokmarknes,NO,2021-04-10 23:27:34,68.5646,14.9108,36.0,93,100,7.0
334,Vila,PT,2021-04-10 23:27:35,42.0304,-8.1588,51.01,93,96,3.58
335,Algiers,DZ,2021-04-10 23:21:57,36.7525,3.042,60.8,82,40,3.44
336,Almaznyy,RU,2021-04-10 23:27:35,48.0448,40.045,46.4,66,20,8.95
337,Izumo,JP,2021-04-10 23:27:35,35.3667,132.7667,46.4,71,0,5.75
338,Sale,MA,2021-04-10 23:27:36,34.0389,-6.8166,60.01,100,20,2.06
339,Half Moon Bay,US,2021-04-10 23:26:11,37.4636,-122.4286,69.01,67,1,14.97
340,Adrar,MR,2021-04-10 23:24:41,20.5022,-10.0711,78.98,19,2,14.32
341,Toledo,ES,2021-04-10 23:27:36,39.8333,-4.0,57.99,87,75,6.91
342,Sao Gabriel Da Cachoeira,BR,2021-04-10 23:27:36,-0.1303,-67.0892,73.72,97,70,2.91
343,Dudinka,RU,2021-04-10 23:27:37,69.4058,86.1778,13.24,97,73,4.59
344,Leningradskiy,RU,2021-04-10 23:25:43,69.3833,178.4167,-5.91,94,100,1.83
345,Douentza,ML,2021-04-10 23:27:37,14.9951,-2.9517,86.88,8,0,5.59
346,Dalvik,IS,2021-04-10 23:27:37,65.9702,-18.5286,24.8,63,0,6.91
347,Luau,AO,2021-04-10 23:27:38,-10.7073,22.2247,62.42,93,100,3.18
348,Port-Cartier,CA,2021-04-10 23:26:05,50.0334,-66.8654,36.0,64,40,4.61
349,Muros,ES,2021-04-10 23:27:03,42.7762,-9.0603,53.01,81,99,14.36
350,Port Elizabeth,ZA,2021-04-10 23:24:31,-33.918,25.5701,62.6,94,75,1.14
351,Bundaberg,AU,2021-04-10 23:26:26,-24.85,152.35,78.8,57,61,4.61
352,Alice Springs,AU,2021-04-10 23:25:50,-23.7,133.8833,64.99,48,0,13.8
353,Lazaro Cardenas,MX,2021-04-10 23:27:38,17.9583,-102.2,82.09,53,3,13.11
354,Byron Bay,AU,2021-04-10 23:27:38,-28.65,153.6167,73.4,49,47,13.8
355,Elizabeth City,US,2021-04-10 23:27:39,36.2946,-76.2511,70.0,78,1,9.22
356,Okhotsk,RU,2021-04-10 23:27:39,59.3833,143.3,22.87,76,100,28.88
357,Mitsamiouli,KM,2021-04-10 23:27:39,-11.3847,43.2844,81.43,77,100,8.48
358,Qingyuan,CN,2021-04-10 23:26:19,23.7,113.0333,72.0,73,75,4.47
359,Tikrit,IQ,2021-04-10 23:27:40,34.6071,43.6782,63.91,29,42,20.47
360,Tasiilaq,GL,2021-04-10 23:25:27,65.6145,-37.6368,23.0,74,2,3.44
361,Ziebice,PL,2021-04-10 23:27:40,50.6012,17.0406,46.99,63,100,3.0
362,Vestmanna,FO,2021-04-10 23:27:40,62.1564,-7.1664,30.2,80,75,6.91
363,Port Hardy,CA,2021-04-10 23:27:41,50.6996,-127.4199,46.4,53,40,10.36
364,Port Keats,AU,2021-04-10 23:27:41,-14.25,129.55,83.98,70,13,1.88
365,San Quintin,MX,2021-04-10 23:27:41,30.4833,-115.95,65.43,68,58,15.32
366,Iztapa,GT,2021-04-10 23:27:41,13.9333,-90.7075,87.8,66,20,11.5
367,Ailigandi,PA,2021-04-10 23:27:42,9.2333,-78.0167,80.83,78,73,3.83
368,Lamu,KE,2021-04-10 23:27:42,-2.2717,40.902,80.6,89,40,9.06
369,Manokwari,ID,2021-04-10 23:27:00,-0.8667,134.0833,79.86,79,100,2.84
370,Zhezkazgan,KZ,2021-04-10 23:27:42,47.8043,67.7144,38.8,68,8,24.65
371,Dumai,ID,2021-04-10 23:27:43,1.6833,101.45,73.0,96,90,0.96
372,Tuburan,PH,2021-04-10 23:27:43,6.6439,122.2736,80.6,78,75,4.61
373,Karlskoga,SE,2021-04-10 23:27:44,59.3267,14.5239,35.6,75,1,8.05
374,Kapit,MY,2021-04-10 23:27:44,2.0167,112.9333,73.78,99,100,0.94
375,Ugoofaaru,MV,2021-04-10 23:25:44,5.6667,73.0,82.65,67,13,3.69
376,Nola,IT,2021-04-10 23:27:44,40.922,14.5329,50.0,66,97,0.49
377,De Aar,ZA,2021-04-10 23:27:45,-30.6497,24.0123,71.26,31,56,6.58
378,Belgrade,RS,2021-04-10 23:23:25,44.804,20.4651,52.0,43,0,6.91
379,Mwingi,KE,2021-04-10 23:27:45,-0.9344,38.0601,65.26,95,100,4.79
380,Petropavlovsk-Kamchatskiy,RU,2021-04-10 23:27:45,53.0452,158.6483,35.6,48,0,4.47
381,Chadiza,ZM,2021-04-10 23:25:02,-14.0678,32.4392,59.32,81,82,2.62
382,Inuvik,CA,2021-04-10 23:27:45,68.3499,-133.7218,-2.2,46,100,4.61
383,Cockburn Town,TC,2021-04-10 23:26:43,21.4612,-71.1419,75.49,64,98,15.82
384,Padang,ID,2021-04-10 23:23:36,-0.9492,100.3543,77.0,94,40,1.14
385,Rajgarh,IN,2021-04-10 23:27:46,28.6333,75.3833,76.21,11,11,6.17
386,Waingapu,ID,2021-04-10 23:27:23,-9.6567,120.2641,77.77,79,7,3.2
387,Nome,US,2021-04-10 23:25:34,64.5011,-165.4064,12.99,52,75,19.57
388,Madimba,TZ,2021-04-10 23:26:57,-10.4,40.3333,75.06,92,97,7.31
389,Cayenne,GF,2021-04-10 23:27:46,4.9333,-52.3333,75.2,94,75,3.44
390,Ufimskiy,RU,2021-04-10 23:27:47,56.7084,58.0517,37.2,99,100,3.4
391,Bagan,RU,2021-04-10 23:27:47,54.1001,77.6646,33.64,89,100,8.3
392,Krasnoselkup,RU,2021-04-10 23:27:47,65.7,82.4667,32.99,82,100,9.01
393,Sungaipenuh,ID,2021-04-10 23:25:27,-2.0833,101.3833,63.64,95,97,2.26
394,Madridejos,ES,2021-04-10 23:27:48,39.4682,-3.532,54.0,89,78,1.01
395,Chumikan,RU,2021-04-10 23:27:48,54.7183,135.315,33.91,69,83,21.32
396,Luanda,AO,2021-04-10 23:27:48,-8.8368,13.2343,78.8,83,75,5.75
397,Ilia,GR,2021-04-10 23:27:49,37.75,21.5833,44.6,87,0,3.44
398,Zabol,AF,2021-04-10 23:27:49,32.25,67.25,57.38,21,59,3.62
399,Altus,US,2021-04-10 23:27:49,34.6381,-99.334,75.0,15,1,5.75
400,Fethiye,TR,2021-04-10 23:27:49,36.6217,29.1164,48.2,37,0,9.22
401,Catuday,PH,2021-04-10 23:27:50,16.2923,119.8062,79.02,72,88,8.52
402,Guerrero Negro,MX,2021-04-10 23:25:21,27.9769,-114.0611,66.24,62,99,19.55
403,Waddan,LY,2021-04-10 23:27:50,29.1614,16.139,62.29,26,50,20.15
404,Nuevitas,CU,2021-04-10 23:27:50,21.5453,-77.2644,80.6,57,20,10.36
405,Barsuki,RU,2021-04-10 23:27:51,54.2655,37.4875,37.02,64,0,5.44
406,Sidi Ali,DZ,2021-04-10 23:27:51,36.0998,0.4206,57.06,90,100,2.91
407,Natal,BR,2021-04-10 23:27:51,-5.795,-35.2094,77.0,94,75,5.75
408,Sobolevo,RU,2021-04-10 23:27:41,54.4299,31.8996,39.42,73,18,9.91
409,Evensk,RU,2021-04-10 23:27:52,61.95,159.2333,12.7,67,45,9.06
410,Nishihara,JP,2021-04-10 23:24:21,26.1842,127.7558,71.6,73,20,18.41
411,Jabinyanah,TN,2021-04-10 23:27:52,35.035,10.9081,62.6,77,20,12.66
412,Saint-Georges,GD,2021-04-10 23:26:29,12.0564,-61.7485,80.6,74,20,9.22
413,Conde,BR,2021-04-10 23:27:53,-7.2597,-34.9075,75.2,100,75,6.91
414,Yangambi,CD,2021-04-10 23:27:53,0.8102,24.4336,70.14,98,100,2.71
415,Itarema,BR,2021-04-10 23:26:56,-2.9248,-39.9167,80.49,80,41,13.6
416,Loughrea,IE,2021-04-10 23:27:53,53.1969,-8.5669,33.8,93,40,8.05
417,Rio Gallegos,AR,2021-04-10 23:26:30,-51.6226,-69.2181,53.6,43,0,13.8
418,Barcelos,PT,2021-04-10 23:27:54,41.5388,-8.6151,55.99,94,40,3.53
419,Matara,LK,2021-04-10 23:23:04,5.9485,80.5353,76.33,85,25,2.37
420,Avera,US,2021-04-10 23:26:38,33.194,-82.5271,71.6,83,40,5.75
421,Port Saint Lucie,US,2021-04-10 23:27:54,27.2939,-80.3503,81.0,57,75,12.66
422,Karachev,RU,2021-04-10 23:27:54,53.1229,34.9852,35.6,69,0,4.47
423,Monterey,US,2021-04-10 23:27:55,36.2505,-121.2516,70.0,49,36,18.01
424,Shahr-E Babak,IR,2021-04-10 23:27:55,30.1165,55.1186,61.18,31,63,4.09
425,Cabanas,CU,2021-04-10 23:27:55,22.9758,-82.9219,82.4,65,40,10.36
426,Victoria,HK,2021-04-10 23:20:55,22.2855,114.1577,71.01,81,65,1.01
427,Fairbanks,US,2021-04-10 23:23:02,64.8378,-147.7164,16.0,31,1,10.36
428,Beira,MZ,2021-04-10 23:27:56,-19.8436,34.8389,78.8,78,20,4.9
429,Asau,RO,2021-04-10 23:27:56,46.4333,26.4,39.0,46,1,3.47
430,Nalut,LY,2021-04-10 23:27:08,30.3333,10.85,65.82,35,37,25.61
431,Sakakah,SA,2021-04-10 23:27:56,29.9697,40.2064,55.4,38,0,12.66
432,Icatu,BR,2021-04-10 23:27:57,-2.7758,-44.0658,77.0,100,75,2.3
433,Joensuu,FI,2021-04-10 23:26:26,62.6012,29.7632,33.01,86,0,10.36
434,Mnogovershinnyy,RU,2021-04-10 23:27:57,53.9353,139.9242,32.79,86,100,6.91
435,Vao,NC,2021-04-10 23:27:38,-22.6667,167.4833,77.07,89,100,24.54
436,Little Current,CA,2021-04-10 23:27:57,45.9793,-81.9248,57.0,76,100,4.61
437,Lachi,PK,2021-04-10 23:27:58,33.3833,71.3386,68.0,56,40,6.91
438,Acapulco,MX,2021-04-10 23:25:54,16.8634,-99.8901,84.2,70,40,9.22
439,Alihe,CN,2021-04-10 23:27:58,50.5667,123.7167,36.41,59,20,3.44
440,Alofi,NU,2021-04-10 23:20:05,-19.0595,-169.9187,82.4,78,6,8.05
441,Esperance,AU,2021-04-10 23:24:33,-33.8667,121.9,57.2,88,98,10.36
442,Salmas,IR,2021-04-10 23:27:58,38.1973,44.7653,53.6,71,75,6.91
443,Coelho Neto,BR,2021-04-10 23:27:59,-4.2567,-43.0128,78.57,75,99,1.36
444,Bonthe,SL,2021-04-10 23:25:57,7.5264,-12.505,80.55,86,100,8.72
445,Namtsy,RU,2021-04-10 23:28:00,62.7161,129.6658,17.6,73,75,13.42
446,Northam,GB,2021-04-10 23:25:29,51.0333,-4.2167,41.0,80,22,5.99
447,Oron,NG,2021-04-10 23:28:00,4.8256,8.2343,78.55,88,89,3.49
448,Vestmannaeyjar,IS,2021-04-10 23:25:59,63.4427,-20.2734,37.18,94,100,6.87
449,Vokhtoga,RU,2021-04-10 23:28:00,58.8147,41.0461,35.62,76,28,10.92
450,Palana,RU,2021-04-10 23:28:01,59.1167,159.9667,11.62,84,87,3.78
451,Dire Dawa,ET,2021-04-10 23:28:01,9.5931,41.8661,73.44,49,42,12.59
452,Ballangen,NO,2021-04-10 23:28:01,68.3428,16.8315,34.0,100,90,17.27
453,Longyearbyen,SJ,2021-04-10 23:23:32,78.2186,15.6401,21.2,63,75,19.57
454,Tera,NE,2021-04-10 23:28:02,14.0078,0.7531,88.5,8,0,9.89
455,Verkhnyaya Inta,RU,2021-04-10 23:28:02,65.9811,60.3094,35.04,75,96,14.79
456,Svetlyy,RU,2021-04-10 23:28:02,54.675,20.1347,35.6,80,0,2.24
457,Marzuq,YE,2021-04-10 23:26:22,14.4,46.4667,66.87,21,0,6.17
458,Haradok,BY,2021-04-10 23:28:03,55.4624,29.9816,42.3,95,100,3.62
459,Urucara,BR,2021-04-10 23:28:03,-2.5364,-57.76,75.43,95,87,1.43
460,College,US,2021-04-10 23:26:28,64.8569,-147.8028,15.01,29,75,9.22
461,Cervo,ES,2021-04-10 23:28:03,43.6702,-7.4101,50.0,88,100,1.01
462,Salalah,OM,2021-04-10 23:24:54,17.0151,54.0924,80.6,74,40,1.14
463,Gigmoto,PH,2021-04-10 23:28:04,13.7796,124.39,79.18,79,72,7.96
464,Yanji,CN,2021-04-10 23:28:04,42.9075,129.5078,47.12,46,77,1.72
465,Itupeva,BR,2021-04-10 23:28:04,-23.1531,-47.0578,75.2,50,0,5.75
466,Wenshang,CN,2021-04-10 23:28:05,35.7275,116.4961,50.23,74,44,7.9
467,Asmara,ER,2021-04-10 23:27:04,15.3333,38.9333,60.24,55,70,3.18
468,Hobyo,SO,2021-04-10 23:25:25,5.3505,48.5268,82.13,61,6,14.2
469,Abilene,US,2021-04-10 23:27:19,32.4487,-99.7331,73.4,17,1,3.44
470,Egvekinot,RU,2021-04-10 23:26:45,66.3167,-179.1667,0.27,75,100,13.91
471,Shache,CN,2021-04-10 23:28:05,38.4167,77.2406,52.41,28,27,2.75
472,Khorixas,NA,2021-04-10 23:28:05,-20.3667,14.9667,74.44,30,0,9.22
473,Eureka,US,2021-04-10 23:28:06,40.8021,-124.1637,57.0,54,1,20.71
474,Yuanping,CN,2021-04-10 23:28:06,38.7153,112.7575,53.24,54,100,0.13
475,Buarcos,PT,2021-04-10 23:28:06,40.166,-8.8768,57.99,100,40,2.3
476,Vangaindrano,MG,2021-04-10 23:28:07,-23.35,47.6,72.07,94,39,4.03
477,Anadyr,RU,2021-04-10 23:28:07,64.75,177.4833,8.6,56,100,6.71
478,Touros,BR,2021-04-10 23:27:55,-5.1989,-35.4608,77.0,88,40,4.61
479,Bella Union,UY,2021-04-10 23:28:07,-30.2752,-57.6007,81.72,62,18,11.16
480,Lake City,US,2021-04-10 23:26:22,30.1897,-82.6393,68.0,68,1,4.61
481,Talnakh,RU,2021-04-10 23:26:15,69.4865,88.3972,28.13,97,100,4.92
482,Porangatu,BR,2021-04-10 23:28:08,-13.4408,-49.1486,74.64,74,13,2.57
483,Koumac,NC,2021-04-10 23:28:08,-20.5667,164.2833,79.11,82,100,8.68
484,Verkhoyansk,RU,2021-04-10 23:28:08,67.5447,133.385,-13.49,89,20,2.17
485,Carahue,CL,2021-04-10 23:28:09,-38.7,-73.1667,50.0,81,20,2.53
486,Piterka,RU,2021-04-10 23:28:09,50.6803,47.4454,54.66,81,100,7.58
487,Talakan,RU,2021-04-10 23:28:09,50.3167,130.3667,39.13,72,98,9.08
488,Dataganj,IN,2021-04-10 23:28:10,28.0333,79.4,74.75,10,1,6.67
489,Camana,PE,2021-04-10 23:28:10,-16.6228,-72.7111,69.04,83,58,7.67
490,Shaowu,CN,2021-04-10 23:28:10,27.3409,117.4831,61.25,90,98,2.73
491,Progreso,MX,2021-04-10 23:28:11,21.2833,-89.6667,98.6,36,40,14.97
492,Oksfjord,NO,2021-04-10 23:28:11,70.2396,22.3479,33.8,55,20,13.8
493,Conceicao Do Araguaia,BR,2021-04-10 23:28:11,-8.2578,-49.2647,80.6,78,0,3.44
494,Thohoyandou,ZA,2021-04-10 23:27:11,-22.9456,30.485,63.48,69,0,2.35
495,Buraydah,SA,2021-04-10 23:27:20,26.326,43.975,73.4,35,40,12.66
496,Samarai,PG,2021-04-10 23:26:38,-10.6167,150.6667,82.45,67,95,12.75
497,Brae,GB,2021-04-10 23:25:20,60.3964,-1.353,32.0,86,40,2.3
498,Spornoye,RU,2021-04-10 23:28:12,50.8448,37.2913,39.2,56,0,4.47
499,Osmaniye,TR,2021-04-10 23:28:12,37.0742,36.2478,46.99,86,100,4.0
500,Poso,ID,2021-04-10 23:28:12,-1.3959,120.7524,82.99,70,99,2.89
501,Xuzhou,CN,2021-04-10 23:28:13,34.1805,117.1571,49.46,89,81,9.73
502,The Valley,AI,2021-04-10 23:26:02,18.217,-63.0578,77.0,60,20,5.75
503,Codrington,AU,2021-04-10 23:24:20,-38.2667,141.9667,52.48,64,100,21.88
504,Lososina,RU,2021-04-10 23:28:13,48.9975,140.3106,46.22,47,21,8.28
505,Xining,CN,2021-04-10 23:28:13,36.6167,101.7667,37.09,88,100,0.63
506,Mundo Nuevo,MX,2021-04-10 23:28:14,18.7,-95.5,89.26,53,0,11.32
507,Yining,CN,2021-04-10 23:28:14,29.0361,114.5636,56.8,95,91,0.87
508,Ocos,GT,2021-04-10 23:28:14,14.5094,-92.1933,87.8,55,1,13.8
509,Moindou,NC,2021-04-10 23:28:14,-21.6924,165.677,77.0,94,90,6.91
510,Tiznit,MA,2021-04-10 23:28:15,29.5833,-9.5,55.24,79,24,4.85
511,Nicoya,CR,2021-04-10 23:27:41,10.1483,-85.452,78.8,83,75,5.75
512,Ilulissat,GL,2021-04-10 23:25:55,69.2167,-51.1,21.2,79,90,4.76
513,Uttaradit,TH,2021-04-10 23:24:11,17.6667,100.5,79.0,69,83,3.2
514,Japura,ID,2021-04-10 23:28:15,-0.3167,102.35,72.37,98,87,0.92
515,Kaitangata,NZ,2021-04-10 23:24:19,-46.2817,169.8464,64.99,73,52,4.0
516,Kyshtovka,RU,2021-04-10 23:28:16,56.555,76.6271,32.52,91,100,3.58
517,Nemuro,JP,2021-04-10 23:26:12,43.3236,145.575,37.67,66,6,6.55
518,La Ronge,CA,2021-04-10 23:28:16,55.1001,-105.2842,35.6,75,92,9.22
519,Birin,NP,2021-04-10 23:28:17,26.8865,88.0718,58.39,24,0,5.75
520,Asbestovskiy,RU,2021-04-10 23:28:17,57.7557,61.3967,40.51,93,100,9.4
521,Casablanca,MA,2021-04-10 23:27:03,33.5928,-7.6192,64.0,100,20,1.14
522,Linxia,CN,2021-04-10 23:25:37,35.6003,103.2064,40.96,92,100,2.35
523,Lata,PT,2021-04-10 23:27:15,40.1629,-8.3327,57.99,95,44,1.32
524,Anito,PH,2021-04-10 23:28:17,12.4497,125.2886,79.07,84,96,6.87
525,Shubarkuduk,KZ,2021-04-10 23:28:18,49.1447,56.4872,44.47,71,53,15.1
526,Basco,PH,2021-04-10 23:25:46,20.4487,121.9702,76.06,76,78,22.66
527,Wewak,PG,2021-04-10 23:28:18,-3.5534,143.6268,80.38,80,100,4.14
528,Lebork,PL,2021-04-10 23:28:18,54.5392,17.7501,41.0,75,75,3.44
529,Nara,JP,2021-04-10 23:28:19,34.6851,135.8049,53.01,62,0,1.14
530,Yicheng,CN,2021-04-10 23:28:19,31.3705,119.8703,53.01,99,99,11.01
531,Monrovia,LR,2021-04-10 23:28:19,6.3005,-10.7969,80.6,89,95,7.2
532,Launceston,AU,2021-04-10 23:27:28,-41.45,147.1667,48.99,61,40,5.75
533,Luganville,VU,2021-04-10 23:25:26,-15.5333,167.1667,79.27,82,100,4.34
534,Yerofey Pavlovich,RU,2021-04-10 23:28:20,53.9667,121.9667,18.0,54,22,1.21
535,Camacha,PT,2021-04-10 23:26:05,33.0833,-16.3333,64.4,88,40,8.05
536,Atasu,KZ,2021-04-10 23:28:20,48.6814,71.6433,37.08,60,52,20.27
537,Provideniya,RU,2021-04-10 23:24:30,64.3833,-173.3,2.77,77,100,22.79
538,Mombetsu,JP,2021-04-10 23:28:20,44.3525,143.3525,41.97,56,15,5.64
539,Nanyang,CN,2021-04-10 23:28:21,32.9947,112.5328,54.9,65,100,6.26
540,Dakar,SN,2021-04-10 23:28:21,14.6937,-17.4441,68.0,94,10,11.5
541,Harpalpur,IN,2021-04-10 23:28:21,25.2884,79.3347,82.35,10,79,6.2
542,Mayskiy,RU,2021-04-10 23:28:21,47.6931,40.1025,46.4,66,20,8.95
543,Lakes Entrance,AU,2021-04-10 23:26:10,-37.8811,147.981,53.01,70,59,5.01
544,Batagay,RU,2021-04-10 23:27:30,67.6333,134.6333,-15.61,96,88,3.22
545,Santa Maria,BR,2021-04-10 23:28:09,-29.6842,-53.8069,77.0,73,20,2.3
546,Chapais,CA,2021-04-10 23:24:40,49.7834,-74.8492,59.0,47,1,9.22
547,Tuatapere,NZ,2021-04-10 23:25:46,-46.1333,167.6833,61.0,86,96,8.99
548,Severo-Yeniseyskiy,RU,2021-04-10 23:25:36,60.3725,93.0408,20.57,96,73,3.74
549,Laem Sing,TH,2021-04-10 23:28:22,12.4816,102.0738,79.0,99,91,4.03
550,Roma,US,2021-04-10 23:28:22,43.2128,-75.4557,75.2,31,1,3.98
551,Abalak,RU,2021-04-10 23:28:23,58.1286,68.5944,37.9,94,100,6.89
552,Tura,IN,2021-04-10 23:28:23,25.5198,90.2201,71.56,71,0,3.76
553,Tsimlyansk,RU,2021-04-10 23:28:23,47.6461,42.1019,42.48,90,92,9.57
554,Waipawa,NZ,2021-04-10 23:28:23,-41.4122,175.5153,66.2,77,75,18.41
555,Gargzdai,LT,2021-04-10 23:28:24,55.7128,21.4033,28.4,93,40,1.14
556,Zinder,NE,2021-04-10 23:28:24,13.8072,8.9881,81.36,7,100,6.11
557,Sept-Iles,CA,2021-04-10 23:24:56,50.2001,-66.3821,36.0,64,40,4.61
558,Menongue,AO,2021-04-10 23:28:24,-14.6585,17.691,64.0,63,51,3.87
559,Salinopolis,BR,2021-04-10 23:26:07,-0.6136,-47.3561,79.38,82,70,11.16
560,Ramapuram,IN,2021-04-10 23:28:25,13.1167,79.2,73.38,85,0,1.07
561,Nichinan,JP,2021-04-10 23:28:25,31.6,131.3667,55.4,67,75,5.75
562,Tokur,RU,2021-04-10 23:26:02,53.1333,132.9,25.75,79,99,9.37
563,Fort Payne,US,2021-04-10 23:28:25,34.4442,-85.7197,71.01,60,1,11.5
564,Marseille,FR,2021-04-10 23:28:26,43.3333,5.5,51.01,90,100,7.31
565,Belfast,GB,2021-04-10 23:28:26,54.5833,-5.9333,37.99,70,20,8.05
566,Spearfish,US,2021-04-10 23:28:26,44.4908,-103.8594,66.99,23,1,6.91
567,Olafsvik,IS,2021-04-10 23:24:30,64.8945,-23.7142,39.06,93,100,13.13
568,Emirdag,TR,2021-04-10 23:28:27,39.0197,31.15,27.79,79,60,6.96
569,Sembe,CG,2021-04-10 23:28:27,1.6481,14.5806,71.53,96,88,2.3
570,Rongcheng,CN,2021-04-10 23:28:27,30.634,117.8517,57.06,76,100,1.3
571,Pathein,MM,2021-04-10 23:28:28,16.7833,94.7333,76.98,88,13,3.44
572,Hambantota,LK,2021-04-10 23:25:43,6.1241,81.1185,78.35,79,6,3.56
573,Bonavista,CA,2021-04-10 23:28:28,48.6499,-53.1147,33.01,100,100,6.91
574,Ourossogui,SN,2021-04-10 23:28:28,15.6064,-13.3211,86.0,37,0,5.75
575,Kabakovo,RU,2021-04-10 23:28:29,54.5369,56.1517,46.0,65,0,2.24
576,Ambad,IN,2021-04-10 23:27:27,19.6167,75.8,85.21,34,87,4.94
577,Zhigansk,RU,2021-04-10 23:28:29,66.7697,123.3711,-3.57,82,1,15.77
578,Porto Novo,BJ,2021-04-10 23:28:29,6.4965,2.6036,80.6,74,40,12.66
579,Kathmandu,NP,2021-04-10 23:27:01,27.7167,85.3167,55.4,62,20,2.3
580,Abu Kamal,SY,2021-04-10 23:28:30,34.4506,40.9171,56.41,43,0,14.72
581,Gogrial,SS,2021-04-10 23:28:30,8.5332,28.1004,87.24,25,97,1.43
